observation_date,UnemploymentRate,FedFunds,MoneySupply,ProducerPriceIndex,CPIGrowthRate,GDP,CandILoans,CRELoans
1960-01-01,6.1,3.99,301.5,31.600,-0.34013605442177000,15.382510164183600000,39.5918,27.6453
1960-02-01,5.7,3.97,298.5,31.600,0.34129692832764600,6.552643397753880000,39.3687,27.5965
1960-03-01,6.1,3.84,298.2,31.800,0.00000000000000000,-3.092964058321600000,40.1776,27.6361
1960-04-01,5.2,3.92,300.3,31.800,0.34013605442177000,-5.364773513718400000,40.6229,27.6951
1960-05-01,4.8,3.85,298.9,31.700,0.00000000000000000,-2.678409490912950000,40.8703,27.7338
1960-06-01,5.8,3.32,300.9,31.700,0.33898305084744800,1.702303394733430000,41.3903,27.7663
1960-07-01,5.5,3.23,303.5,31.700,0.00000000000000000,5.423807022412320000,41.2177,27.8159
1960-08-01,5.2,2.98,305.2,31.600,0.00000000000000000,2.402631471522720000,40.9506,27.8943
1960-09-01,4.7,2.60,307.8,31.600,0.00000000000000000,-4.288350793337140000,41.3191,27.9942
1960-10-01,5.0,2.47,309.9,31.700,0.67567567567567800,-8.380464576185830000,41.5618,28.0913
1960-11-01,5.6,2.44,311.7,31.700,0.00000000000000000,-6.990123606631600000,41.8650,28.1310
1960-12-01,6.4,1.98,315.3,31.700,0.00000000000000000,-1.155119251857160000,42.6820,28.2332
1961-01-01,7.7,1.45,317.5,31.800,0.00000000000000000,5.563847547912270000,42.0169,28.2006
1961-02-01,8.1,2.54,316.6,31.800,0.00000000000000000,5.460696698453890000,41.5387,28.1339
1961-03-01,7.7,2.02,317.2,31.800,0.00000000000000000,5.872416875438140000,42.2205,28.1925
1961-04-01,7.0,1.49,320.2,31.600,0.00000000000000000,7.016928685283340000,42.3423,28.2346
1961-05-01,6.6,1.98,320.0,31.500,0.00000000000000000,7.186936639976870000,42.1330,28.3514
1961-06-01,7.3,1.73,322.7,31.300,0.00000000000000000,8.000744946861800000,42.4998,28.6777
1961-07-01,6.9,1.17,324.9,31.500,0.67114093959731800,7.769118188508440000,42.3813,28.8884
1961-08-01,6.2,2.00,325.8,31.500,-0.33333333333333500,8.204311194889350000,42.2570,29.0396
1961-09-01,5.8,1.88,328.8,31.500,0.33444816053511800,5.480368627516990000,42.6525,29.1770
1961-10-01,5.5,2.26,331.5,31.500,0.00000000000000000,8.314834896801080000,42.9749,29.2741
1961-11-01,5.6,2.61,334.1,31.500,0.00000000000000000,8.814372667980330000,43.3042,29.4325
1961-12-01,5.8,2.33,338.5,31.600,0.00000000000000000,8.197582443815750000,44.4055,29.6635
1962-01-01,6.7,2.15,341.1,31.700,0.00000000000000000,5.763431195202010000,43.9865,29.7873
1962-02-01,6.5,2.37,340.3,31.700,0.33333333333333500,8.464957768622200000,43.4841,29.8604
1962-03-01,6.2,2.85,342.1,31.700,0.00000000000000000,4.242842959608770000,44.2795,30.0198
1962-04-01,5.5,2.78,346.0,31.600,0.33222591362126400,2.004040738035990000,44.6802,30.3319
1962-05-01,5.1,2.36,345.0,31.500,0.00000000000000000,2.438044551438840000,44.8536,30.7220
1962-06-01,5.9,2.68,347.7,31.500,0.00000000000000000,4.496998109471800000,45.6208,31.2584
1962-07-01,5.3,2.71,350.1,31.600,0.33112582781457100,6.958646778738650000,45.5173,31.6555
1962-08-01,5.3,2.93,350.9,31.600,0.00000000000000000,4.632409349183500000,45.4950,31.9920
1962-09-01,4.9,2.90,353.9,31.900,0.33003300330033100,2.470329654680390000,46.2177,32.3827
1962-10-01,4.5,2.90,357.5,31.700,0.00000000000000000,-0.721821617194090000,46.7962,32.7691
1962-11-01,5.3,2.94,360.5,31.700,0.00000000000000000,0.614801156816477000,47.3396,33.1625
1962-12-01,5.3,2.93,365.8,31.600,0.00000000000000000,3.117496292536960000,48.0736,33.4189
1963-01-01,6.6,2.92,369.1,31.600,0.00000000000000000,5.841515551459530000,47.6917,33.6746
1963-02-01,6.9,3.00,368.0,31.500,0.00000000000000000,6.111787753650780000,47.4612,33.9177
1963-03-01,6.3,2.98,369.8,31.500,0.32894736842105400,2.507963684102550000,48.1549,34.1119
1963-04-01,5.6,2.90,373.8,31.400,0.00000000000000000,2.643024351913830000,48.5211,34.4806
1963-05-01,5.5,3.00,373.4,31.500,0.00000000000000000,5.683290582889890000,48.6646,35.0311
1963-06-01,6.2,2.99,376.7,31.600,0.32786885245901800,9.734365521913560000,49.3921,35.8205
1963-07-01,5.6,3.02,380.2,31.700,0.32679738562091600,11.240166517164400000,49.2882,36.3883
1963-08-01,5.2,3.49,381.5,31.600,0.00000000000000000,8.375779278526750000,49.0485,36.8200
1963-09-01,4.8,3.48,384.9,31.600,0.00000000000000000,2.700009337146430000,49.6384,37.2463
1963-10-01,4.7,3.50,388.8,31.600,0.32573289902280300,-0.055483586249367900,50.3057,37.6336
1963-11-01,5.3,3.48,392.3,31.700,0.00000000000000000,1.231480366321150000,51.3271,38.0212
1963-12-01,5.3,3.38,396.4,31.600,0.32467532467532600,7.468445812564330000,52.8205,38.2283
1964-01-01,6.4,3.48,399.5,31.800,0.00000000000000000,11.894129345058300000,52.4673,38.5058
1964-02-01,6.2,3.48,397.6,31.600,0.00000000000000000,9.433492884273400000,52.1675,38.8426
1964-03-01,5.9,3.43,398.9,31.600,0.00000000000000000,4.323316284608600000,52.8867,39.0757
1964-04-01,5.3,3.47,402.4,31.600,0.00000000000000000,2.869982676681270000,53.3436,39.3925
1964-05-01,4.8,3.50,401.3,31.500,0.00000000000000000,3.138158792766130000,53.7496,39.7861
1964-06-01,5.9,3.50,405.3,31.500,0.32362459546925700,6.055359833436140000,54.5463,40.2147
1964-07-01,4.9,3.42,409.3,31.600,0.32258064516129200,9.808418788413200000,54.6271,40.7099
1964-08-01,4.8,3.50,411.1,31.600,-0.32154340836013000,5.442791346977810000,54.6931,41.1499
1964-09-01,4.5,3.45,415.7,31.700,0.32258064516129200,0.280943607994576000,55.5541,41.5954
1964-10-01,4.4,3.36,419.9,31.700,0.00000000000000000,-5.050221490486670000,56.1245,41.9639
1964-11-01,4.5,3.52,422.9,31.700,0.32154340836010900,5.139768467271000000,56.8645,42.3106
1964-12-01,4.7,3.85,428.3,31.700,0.00000000000000000,9.949530302665480000,58.9898,42.6721
1965-01-01,5.5,3.90,432.3,31.800,0.00000000000000000,12.010229350983600000,59.3178,42.8915
1965-02-01,5.7,3.98,430.1,31.900,0.00000000000000000,9.224841367007330000,59.6232,43.0640
1965-03-01,5.1,4.05,432.2,31.900,0.32051282051282200,6.521391371845990000,61.2911,43.3682
1965-04-01,4.7,4.09,436.2,32.000,0.31948881789137500,2.162277846537060000,62.2404,43.8234
1965-05-01,4.3,4.10,433.7,32.100,0.00000000000000000,4.335773900186500000,62.9234,44.3064
1965-06-01,5.3,4.05,438.4,32.400,0.63694267515923800,7.810007532231040000,64.5671,44.9216
1965-07-01,4.5,4.09,442.1,32.400,0.00000000000000000,11.070005796610000000,64.9567,45.4880
1965-08-01,4.2,4.12,443.3,32.400,0.00000000000000000,9.057847777117870000,65.0763,46.0822
1965-09-01,3.8,4.02,448.4,32.400,0.00000000000000000,7.865377123738780000,66.1166,46.7146
1965-10-01,3.6,4.08,453.6,32.500,0.31645569620253300,8.813434908036530000,66.8048,47.2447
1965-11-01,3.9,4.10,456.7,32.600,0.00000000000000000,9.534123012005380000,67.6430,47.7332
1965-12-01,3.7,4.32,463.1,32.800,0.31545741324921300,11.665858932866500000,69.8104,48.0191
1966-01-01,4.4,4.42,467.1,32.900,0.00000000000000000,11.232434928016000000,70.0816,48.4002
1966-02-01,4.2,4.60,463.7,33.200,0.62893081761006600,8.231030048718980000,70.1130,48.7939
1966-03-01,4.0,4.66,465.9,33.200,0.31250000000000100,3.568673341527110000,71.6167,49.0830
1966-04-01,3.6,4.67,470.1,33.200,0.62305295950156000,-1.661872471232790000,72.5067,49.4962
1966-05-01,3.7,4.90,466.2,33.200,0.00000000000000000,-0.561948590545053000,73.3226,49.9238
1966-06-01,4.6,5.17,469.6,33.300,0.30959752321981600,3.048006234562640000,75.9979,50.6632
1966-07-01,3.9,5.30,470.3,33.500,0.30864197530864300,4.346506905569830000,77.0554,51.0970
1966-08-01,3.6,5.53,470.1,33.600,0.61538461538461800,4.099874873654670000,76.5821,51.4340
1966-09-01,3.3,5.40,474.6,33.600,0.00000000000000000,3.609327681879380000,77.1461,51.8778
1966-10-01,3.2,5.53,476.9,33.400,0.61162079510703600,3.092251269914810000,77.7093,52.2725
1966-11-01,3.4,5.76,478.1,33.300,0.00000000000000000,2.094615125440710000,78.1267,52.5540
1966-12-01,3.5,5.40,483.7,33.300,0.00000000000000000,4.623737803411650000,79.6221,52.7728
1967-01-01,4.2,4.94,486.4,33.400,0.00000000000000000,5.321266189378470000,79.4226,52.8547
1967-02-01,4.2,5.00,483.6,33.400,0.00000000000000000,2.229266765727070000,78.8692,52.8537
1967-03-01,3.9,4.53,488.1,33.300,0.30395136778115600,-0.055281430923062500,80.1449,52.9235
1967-04-01,3.5,4.05,492.9,33.100,0.30303030303030400,-0.675308437150561000,81.3548,53.1498
1967-05-01,3.2,3.94,493.3,33.300,0.30211480362535900,-0.404347567416628000,81.5935,53.5069
1967-06-01,4.6,3.98,500.9,33.500,0.30120481927711000,2.936229835549180000,83.4099,54.0408
1967-07-01,4.1,3.79,506.2,33.500,0.30030030030030200,5.093810069404370000,84.2021,54.4992
1967-08-01,3.7,3.90,508.6,33.400,0.29940119760479200,6.667679591893140000,83.0999,54.9891
1967-09-01,3.7,3.99,514.2,33.400,0.29850746268656800,-0.236643811924066000,83.3598,55.5673
1967-10-01,3.8,3.88,519.3,33.400,0.29761904761904900,0.335153840533698000,83.8078,56.0789
1967-11-01,3.7,4.13,521.6,33.400,0.29673590504451200,5.613314830089380000,84.2456,56.6172
1967-12-01,3.5,4.51,528.0,33.700,0.29585798816568200,8.643078272942080000,86.8159,57.0996
1968-01-01,4.0,4.61,531.9,33.800,0.58997050147492900,8.651195961616350000,86.7271,57.4170
1968-02-01,4.2,4.71,528.1,34.000,0.29325513196481100,8.447592424900400000,85.8146,57.7643
1968-03-01,3.8,5.05,531.6,34.100,0.29239766081871500,6.934736535084190000,87.0516,58.1614
1968-04-01,3.2,5.76,536.9,34.100,0.29154518950435500,6.386040749433020000,88.6352,58.6740
1968-05-01,2.9,6.12,535.4,34.200,0.29069767441860600,6.870697002605440000,88.9478,59.2721
1968-06-01,4.5,6.07,542.2,34.200,0.57971014492753900,4.476731036127210000,90.7084,60.0934
1968-07-01,4.0,6.03,546.2,34.300,0.57636887608069400,3.010462494886930000,91.6067,60.5383
1968-08-01,3.5,6.03,547.6,34.200,0.28653295128940000,1.294931248200840000,90.7812,60.9376
1968-09-01,3.3,5.78,553.1,34.400,0.28571428571428700,0.319860010594781000,91.4696,61.5794
1968-10-01,3.2,5.91,558.5,34.400,0.56980056980057200,0.227693832124799000,92.5541,62.3169
1968-11-01,3.3,5.82,562.5,34.500,0.28328611898017100,2.901890854383580000,94.0379,63.0404
1968-12-01,3.1,6.02,569.7,34.600,0.28248587570621600,5.715408454145420000,96.9471,63.5618
1969-01-01,3.7,6.30,573.5,34.800,0.28169014084505300,8.221473946114930000,97.3319,64.0068
1969-02-01,3.7,6.61,569.1,35.000,0.56179775280899100,6.734807259079560000,97.3919,64.4866
1969-03-01,3.5,6.79,572.8,35.200,0.83798882681564600,3.459142918196300000,99.0833,64.9721
1969-04-01,3.2,7.41,577.4,35.300,0.55401662049861700,-1.238182370962280000,101.0392,65.5195
1969-05-01,2.9,8.67,573.5,35.500,0.27548209366391300,-1.197128919298630000,101.9672,66.1085
1969-06-01,4.1,8.90,578.7,35.700,0.54945054945055200,3.333286671729090000,103.3480,66.5586
1969-07-01,3.8,8.61,580.6,35.800,0.54644808743169600,4.722951555380140000,103.7010,67.0817
1969-08-01,3.5,9.19,578.4,35.700,0.54347826086956700,2.660524469535920000,102.7993,67.6244
1969-09-01,3.7,9.15,581.3,35.800,0.27027027027027100,-1.274096093907640000,103.4857,68.0472
1969-10-01,3.5,9.00,583.7,35.900,0.53908355795148500,-3.008819800681780000,104.1398,68.3747
1969-11-01,3.3,8.85,584.8,36.100,0.53619302949061900,-4.137103035888320000,104.6502,68.6566
1969-12-01,3.2,8.97,590.1,36.300,0.53333333333331800,-0.379051240941242000,107.3877,68.7151
1970-01-01,4.2,8.98,592.0,36.500,0.26525198938992200,-0.754144237592346000,106.4135,69.0329
1970-02-01,4.7,8.98,583.4,36.700,0.52910052910053100,1.100552648368770000,104.7222,69.0712
1970-03-01,4.6,7.76,587.3,36.700,0.52631578947368600,-0.359593410265363000,105.2451,69.0801
1970-04-01,4.3,8.10,592.9,36.800,0.78534031413612900,-1.170587358801820000,105.9876,69.1486
1970-05-01,4.1,7.95,590.8,36.800,0.25974025974026100,1.253070516606400000,106.1130,69.2531
1970-06-01,5.6,7.61,597.5,36.900,0.51813471502590900,5.722065223035750000,107.5799,69.2607
1970-07-01,5.3,7.21,601.2,37.100,0.51546391752577500,7.758666945336800000,108.3055,69.5884
1970-08-01,5.0,6.62,603.0,36.900,0.00000000000000000,1.677779260571460000,108.0227,70.0142
1970-09-01,5.2,6.29,608.7,37.100,0.51282051282051500,-6.295688884805170000,109.3229,70.4470
1970-10-01,5.1,6.20,614.0,37.100,0.51020408163265500,-11.488820424224800000,109.6403,70.8426
1970-11-01,5.5,5.60,618.2,37.100,0.50761421319795500,-2.891171753713310000,109.5630,71.1599
1970-12-01,5.6,4.90,627.8,37.100,0.50505050505050700,12.375565089175500000,112.1424,71.6373
1971-01-01,6.6,4.14,635.5,37.300,0.00000000000000000,16.203496744773100000,111.5590,71.8305
1971-02-01,6.6,3.72,638.0,37.700,0.25125628140703600,11.535682555956000000,110.8272,71.9880
1971-03-01,6.3,3.71,650.0,37.800,0.25062656641604100,2.901193509707810000,111.8593,72.4603
1971-04-01,5.7,4.16,663.5,37.900,0.25000000000000100,-1.320784168481430000,112.5195,73.1305
1971-05-01,5.3,4.63,666.1,38.100,0.49875311720698500,0.817318481433663000,113.2250,73.9383
1971-06-01,6.5,4.91,675.9,38.200,0.74441687344913400,4.381439960914030000,114.7622,74.8025
1971-07-01,6.2,5.31,682.3,38.300,0.24630541871919700,4.200580585691930000,115.0202,76.1911
1971-08-01,5.9,5.57,683.7,38.500,0.24570024570024700,2.809688892687130000,115.1960,77.1914
1971-09-01,5.8,5.55,689.7,38.300,0.00000000000000000,1.722024775986020000,116.5827,78.3180
1971-10-01,5.4,5.20,695.6,38.300,0.24509803921568700,-1.432062755792590000,117.1438,79.3933
1971-11-01,5.7,4.91,701.2,38.300,0.00000000000000000,0.594684309497708000,117.1349,80.3187
1971-12-01,5.5,4.14,711.2,38.600,0.48899755501222700,5.313883979411780000,118.6059,80.2994
1972-01-01,6.5,3.51,720.0,38.800,0.00000000000000000,8.938507824915430000,118.0879,81.3873
1972-02-01,6.4,3.30,722.2,39.200,0.48661800486618200,8.850245300494130000,117.7299,82.8926
1972-03-01,6.1,3.83,733.7,39.200,0.24213075060532800,9.870147030330410000,119.6325,84.0099
1972-04-01,5.5,4.17,743.8,39.300,0.24154589371980800,10.686862227131900000,121.6844,85.3308
1972-05-01,5.1,4.27,742.6,39.500,0.24096385542168800,7.945572232513170000,122.8919,86.7712
1972-06-01,6.2,4.46,753.2,39.700,0.24038461538461600,4.291429333937350000,124.2782,87.9738
1972-07-01,5.9,4.55,763.0,40.000,0.47961630695443800,1.306863950598680000,125.3041,89.6958
1972-08-01,5.5,4.81,767.0,40.100,0.23866348448685900,4.411354597497540000,125.5346,91.6035
1972-09-01,5.4,4.87,775.2,40.200,0.23809523809523900,4.567055534362040000,126.9476,93.2532
1972-10-01,5.1,5.05,783.6,40.100,0.47505938242280500,6.189488570321700000,128.9178,94.7779
1972-11-01,4.9,5.06,790.2,40.300,0.23640661938534400,8.982044537277530000,130.9049,96.3384
1972-12-01,4.8,5.33,803.1,41.100,0.23584905660377500,9.675755502622340000,134.0171,97.2156
1973-01-01,5.5,5.94,812.3,41.600,0.23529411764706000,10.775997592538200000,135.1627,98.8381
1973-02-01,5.6,6.58,810.1,42.400,0.70422535211267900,10.187722111135500000,139.1045,100.2065
1973-03-01,5.2,7.09,815.6,43.400,0.93240093240093600,6.997368587265910000,144.6587,101.8092
1973-04-01,4.8,7.12,825.4,43.600,0.69284064665127300,4.534608011118820000,148.1728,103.5040
1973-05-01,4.4,7.84,825.8,44.500,0.68807339449541600,1.805416729989170000,150.5336,105.1565
1973-06-01,5.4,8.49,837.2,45.500,0.68337129840545500,-2.397607305984590000,153.6535,107.1989
1973-07-01,5.0,10.40,840.7,44.900,0.22624434389140400,-4.724929140794270000,156.2583,109.2046
1973-08-01,4.7,10.50,837.4,47.500,1.80586907449211000,-2.375800093826290000,157.7788,111.1795
1973-09-01,4.7,10.78,836.0,46.700,0.22172949002217400,2.881403980143410000,158.5536,113.0750
1973-10-01,4.2,10.01,839.3,46.300,0.88495575221239300,8.228601713083820000,158.9303,114.6434
1973-11-01,4.6,10.03,845.3,46.500,0.65789473684210800,4.440268638215560000,159.4035,116.1614
1973-12-01,4.6,9.95,856.5,47.400,0.65359477124181800,-2.938740523135220000,162.1035,117.3306
1974-01-01,5.7,9.65,861.5,49.000,0.86580086580086900,-7.232607309871530000,162.4203,118.3064
1974-02-01,5.8,8.97,859.8,50.000,1.28755364806866000,-4.490336412508130000,162.8576,119.1422
1974-03-01,5.3,9.35,869.9,50.600,1.27118644067797000,1.079944590829790000,168.5146,120.2610
1974-04-01,4.8,10.51,878.6,51.000,0.41841004184100600,3.054052490432170000,175.7760,121.8582
1974-05-01,4.6,11.31,873.4,51.800,1.24999999999999000,2.612724124871560000,178.2043,123.4204
1974-06-01,5.8,11.93,881.9,52.000,0.82304526748971600,-3.514577822620260000,180.8674,124.9692
1974-07-01,5.7,12.92,886.0,54.000,0.81632653061224800,-6.430703332886330000,184.8839,126.5587
1974-08-01,5.3,12.01,882.9,55.900,1.21457489878543000,-5.618900200649410000,185.9212,127.6271
1974-09-01,5.7,11.34,884.7,55.900,1.19999999999999000,0.717523214789360000,187.9235,128.6404
1974-10-01,5.5,10.06,890.4,56.900,0.98814229249012300,1.901434715144970000,188.9310,129.3245
1974-11-01,6.2,9.45,895.4,57.400,0.78277886497064900,-3.718726055907870000,190.0766,129.8824
1974-12-01,6.7,8.53,903.5,57.300,0.77669902912621700,-8.083957120081630000,192.5658,130.1350
1975-01-01,9.0,7.13,908.0,57.400,0.38535645472061800,-5.098195714198640000,191.0378,130.4396
1975-02-01,9.1,6.24,908.7,57.200,0.76775431861803300,-4.194968601381510000,188.3269,130.3709
1975-03-01,9.1,5.54,924.4,56.900,0.38095238095238300,-0.511808003517090000,187.7643,130.4426
1975-04-01,8.6,5.49,941.1,57.500,0.37950664136622600,5.225268548426930000,188.1663,130.7094
1975-05-01,8.3,5.22,946.2,57.900,0.56710775047259200,4.286517005618430000,186.5638,130.9860
1975-06-01,9.1,5.55,966.9,58.000,0.75187969924812400,6.621602102178990000,185.3066,131.5203
1975-07-01,8.7,6.10,979.7,58.700,1.11940298507463000,7.981598078498300000,184.3557,131.7937
1975-08-01,8.2,6.14,982.4,59.000,0.18450184501845100,6.845079467755760000,182.3786,132.1622
1975-09-01,8.1,6.24,988.4,59.400,0.55248618784529400,5.930022364489450000,182.5582,132.8003
1975-10-01,7.8,5.82,995.6,59.800,0.54945054945055200,3.985225597030770000,182.4700,133.5305
1975-11-01,7.8,5.22,1004.8,59.500,0.72859744990892800,4.002913573885120000,182.6874,134.0434
1975-12-01,7.8,5.20,1017.8,59.700,0.36166365280289500,9.498410719792280000,184.7495,134.4616
1976-01-01,8.8,4.87,1028.3,59.900,0.18018018018018100,11.637731801609100000,182.1440,135.4647
1976-02-01,8.7,4.77,1034.2,59.900,0.35971223021582900,9.012464494520920000,180.2215,136.0614
1976-03-01,8.1,4.84,1047.7,60.000,0.17921146953405100,4.113478757158170000,179.0722,137.2773
1976-04-01,7.4,4.82,1066.9,60.600,0.35778175313059200,1.362606768543910000,178.0433,138.9279
1976-05-01,6.8,5.29,1070.3,60.800,0.71301247771833900,1.772648302354890000,178.8791,140.1573
1976-06-01,8.0,5.48,1080.8,61.200,0.53097345132743600,1.420499225717260000,179.8065,141.2085
1976-07-01,7.8,5.31,1091.6,61.600,0.52816901408450900,2.757814179809900000,179.6538,142.5402
1976-08-01,7.6,5.29,1097.3,61.400,0.52539404553414100,2.344478059453590000,179.1681,143.9796
1976-09-01,7.4,5.25,1108.4,61.800,0.34843205574913000,2.139095918750380000,180.7580,145.5005
1976-10-01,7.2,5.02,1125.1,61.900,0.52083333333333600,1.932032103983600000,182.2541,146.7840
1976-11-01,7.4,4.95,1135.0,62.000,0.17271157167530300,4.487120469372510000,184.2382,148.0099
1976-12-01,7.4,4.65,1153.5,62.500,0.34482758620689800,4.627220473084300000,186.7073,148.9582
1977-01-01,8.3,4.61,1167.5,62.800,0.51546391752577500,2.885992534791510000,185.2441,150.0769
1977-02-01,8.5,4.68,1169.9,63.500,1.02564102564103000,6.293230420886230000,185.6415,151.4296
1977-03-01,7.9,4.69,1185.3,64.100,0.67681895093061800,7.277089077375130000,188.6856,152.9762
1977-04-01,6.9,4.73,1206.6,64.900,0.84033613445378500,7.503035676244020000,190.8146,155.0964
1977-05-01,6.4,5.35,1205.5,65.200,0.50000000000000200,8.188759585323720000,192.3256,157.7169
1977-06-01,7.5,5.39,1219.8,65.000,0.66334991708126300,9.600877343861410000,194.4152,160.1011
1977-07-01,7.0,5.42,1232.9,65.100,0.49423393739703700,7.977058969114970000,195.6038,162.8885
1977-08-01,6.8,5.90,1235.3,65.000,0.32786885245901800,5.603848939456700000,196.6906,165.8624
1977-09-01,6.6,6.14,1244.7,65.300,0.32679738562091600,1.847930731963090000,198.3613,168.3202
1977-10-01,6.4,6.47,1255.9,65.600,0.32573289902280300,-1.297353841769390000,201.0796,171.0527
1977-11-01,6.5,6.51,1260.2,65.800,0.48701298701298900,-1.682060326645590000,203.4546,173.6747
1977-12-01,6.0,6.56,1273.0,66.200,0.32310177705977500,-1.986508909491770000,206.2570,175.6374
1978-01-01,7.1,6.70,1282.3,66.800,0.64412238325280000,-3.841853843191340000,206.6353,178.2011
1978-02-01,6.9,6.78,1276.8,67.500,0.64000000000000300,6.179113035745090000,208.4025,180.1035
1978-03-01,6.6,6.79,1288.2,68.100,0.79491255961844500,16.265000821760600000,213.1628,182.2759
1978-04-01,5.8,6.89,1307.4,69.000,0.78864353312303200,20.724378618622300000,217.5603,184.7346
1978-05-01,5.5,7.36,1304.8,69.500,0.93896713615023900,14.599088125715500000,221.1009,187.9799
1978-06-01,6.2,7.60,1319.0,70.000,1.08527131782946000,6.437278304733550000,224.5662,191.3505
1978-07-01,6.3,7.81,1330.1,70.400,0.76687116564417500,-0.124410220585311000,226.6036,194.8220
1978-08-01,5.9,8.04,1331.4,70.400,0.45662100456621200,2.023480301920010000,227.3256,198.5273
1978-09-01,5.8,8.45,1344.7,71.000,0.75757575757574100,4.898119071590260000,229.6191,201.8765
1978-10-01,5.4,8.96,1355.3,71.800,0.90225563909774800,7.360043797321100000,232.7608,205.4366
1978-11-01,5.6,9.76,1358.1,72.100,0.44709388971684200,6.092784150869490000,236.4056,208.5898
1978-12-01,5.7,10.03,1370.8,72.700,0.44510385756676700,1.973058158027030000,239.2864,211.1615
1979-01-01,6.4,10.07,1375.2,73.800,0.88626292466765500,-1.049158899380020000,241.3979,212.3857
1979-02-01,6.4,10.06,1369.3,74.900,1.17130307467056000,-0.532666521811817000,244.1508,213.8618
1979-03-01,6.1,10.09,1384.0,75.800,1.01302460202605000,0.636675192324739000,248.3980,215.6441
1979-04-01,5.5,10.01,1408.4,76.900,1.14613180515760000,-2.740552891466390000,254.4555,217.9461
1979-05-01,5.2,10.24,1402.7,77.500,1.27478753541075000,3.741671718114700000,258.4396,220.3175
1979-06-01,6.0,10.29,1422.5,78.000,1.11888111888112000,3.837745520600930000,262.6401,223.5403
1979-07-01,5.9,10.47,1439.3,79.200,1.10650069156294000,4.238073403357880000,266.1211,227.4577
1979-08-01,5.9,10.94,1444.3,79.600,0.95759233926129000,1.154444523125580000,268.4277,230.4907
1979-09-01,5.7,11.43,1454.5,80.900,1.08401084010841000,0.220615493183875000,274.0356,233.9501
1979-10-01,5.6,13.77,1463.6,82.100,0.80428954423591100,1.342281927498300000,276.4782,237.2765
1979-11-01,5.6,13.18,1466.4,82.600,0.93085106382979100,0.362703187462117000,277.3980,239.6424
1979-12-01,5.7,13.78,1479.0,83.400,1.05401844532280000,2.636090735913720000,281.4954,242.2443
1980-01-01,6.9,13.82,1486.2,85.200,1.43415906127771000,3.515982883082330000,283.6114,244.6046
1980-02-01,6.8,14.13,1486.3,86.900,1.41388174807199000,0.540536773485769000,285.8963,247.2806
1980-03-01,6.6,17.19,1497.2,87.500,1.52091254752851000,-5.986395546927060000,289.9499,248.9500
1980-04-01,6.7,17.61,1507.7,87.800,1.12359550561798000,-11.587319640049300000,291.3123,250.4718
1980-05-01,7.1,10.98,1504.2,88.300,0.98765432098764200,-11.728735688070300000,287.5517,250.9973
1980-06-01,7.8,9.47,1527.4,88.700,1.10024449877751000,-5.312258615105320000,286.2175,251.5739
1980-07-01,7.9,9.03,1549.1,90.300,0.00000000000000000,0.439648869234881000,286.4328,252.9590
1980-08-01,7.6,9.61,1560.7,91.500,0.72551390568319500,4.849201350291180000,289.1626,254.5879
1980-09-01,7.2,10.87,1573.1,91.700,0.84033613445376900,7.089257206295550000,294.5091,256.3733
1980-10-01,7.1,12.81,1588.5,92.800,0.95238095238095600,6.148756458916130000,300.3151,258.8739
1980-11-01,7.1,15.85,1599.0,93.200,0.82547169811321100,8.414930727965270000,307.5325,261.0355
1980-12-01,6.9,18.90,1604.8,93.800,0.93567251461988700,12.203855021714700000,313.8952,262.9169
1981-01-01,8.2,19.08,1610.6,95.200,0.81112398609502100,10.505888695838800000,314.0180,264.2437
1981-02-01,8.0,15.93,1610.5,96.100,1.03448275862069000,4.427846131178600000,313.1112,265.3123
1981-03-01,7.7,14.70,1633.2,97.000,0.68259385665527800,-3.334553643704710000,315.0266,266.6963
1981-04-01,7.0,15.72,1664.5,98.000,0.67796610169491800,-7.561727778775620000,319.1530,268.3321
1981-05-01,7.1,18.52,1655.4,98.300,0.78563411896745600,-3.118433471628890000,323.8737,270.8764
1981-06-01,7.7,19.10,1667.1,98.500,0.89086859688196400,4.393524148521810000,327.5085,272.9341
1981-07-01,7.3,19.04,1685.1,99.000,1.10375275938190000,9.127093504075050000,330.4298,274.0923
1981-08-01,7.2,17.82,1694.6,99.000,0.76419213973798000,5.142295634084170000,334.1090,276.6466
1981-09-01,7.3,15.87,1706.4,98.800,0.97508125677140200,-0.494743467569600000,337.7755,278.9393
1981-10-01,7.5,15.08,1726.4,98.900,0.21459227467811200,-5.549342431871510000,341.4819,280.7071
1981-11-01,7.9,13.31,1741.0,98.800,0.32119914346895200,-8.238028996214210000,345.6835,282.1262
1981-12-01,8.3,12.37,1760.3,98.800,0.32017075773744700,-10.478758552352000000,352.2077,284.3061
1982-01-01,9.4,13.22,1772.8,99.700,0.31914893617021400,-9.686786870807260000,356.0880,285.8828
1982-02-01,9.6,14.78,1765.3,99.800,0.31813361611877100,0.381654729117725000,360.4093,287.6101
1982-03-01,9.5,14.68,1781.7,99.600,-0.10570824524312900,1.123657014951680000,364.6958,289.8600
1982-04-01,9.2,14.94,1807.9,99.600,0.42328042328042500,3.214062702959910000,371.6406,291.3679
1982-05-01,9.1,14.45,1804.9,99.800,0.94836670179136300,2.040025190913260000,376.0830,293.3497
1982-06-01,9.8,14.15,1822.7,100.000,1.25260960334028000,0.077890562213726300,380.1880,295.2047
1982-07-01,9.8,12.59,1835.0,100.400,0.51546391752577500,-3.036910646534000000,383.0052,295.3373
1982-08-01,9.6,10.12,1845.9,100.300,0.20512820512820600,-3.228004245463300000,383.4621,296.7692
1982-09-01,9.7,10.31,1859.0,100.000,0.20470829068577400,-0.464675239845617000,390.5845,298.3188
1982-10-01,9.9,9.71,1875.6,100.200,0.30643513789581300,0.215949206405571000,392.3137,299.3195
1982-11-01,10.4,9.20,1890.1,100.300,-0.20366598778004200,1.220411404062720000,392.0570,299.8272
1982-12-01,10.5,8.95,1913.8,100.500,-0.40816326530612400,2.549839266912060000,393.9294,300.4263
1983-01-01,11.4,8.68,1963.9,100.200,0.20491803278688600,7.084317411547750000,393.8202,302.5889
1983-02-01,11.3,8.51,1985.8,100.500,0.10224948875255700,5.375355122370480000,392.7400,303.0637
1983-03-01,10.8,8.77,2009.6,100.400,0.00000000000000000,8.806486161943970000,394.7152,303.7661
1983-04-01,10.0,8.80,2033.7,100.400,0.71501532175689800,10.685531878470100000,393.1306,305.6363
1983-05-01,9.8,8.63,2031.7,100.800,0.60851926977687900,8.908178583982450000,392.0703,307.7509
1983-06-01,10.2,8.98,2051.8,101.000,0.30241935483871100,8.122199333654810000,393.9743,310.4179
1983-07-01,9.4,9.37,2069.7,101.300,0.40201005025125800,7.316191555680630000,397.2038,313.6817
1983-08-01,9.2,9.56,2072.5,101.800,0.30030030030030200,7.289050824518020000,399.2597,317.0374
1983-09-01,8.8,9.45,2081.1,102.000,0.49900199600797300,9.575178112720850000,401.8394,321.2020
1983-10-01,8.4,9.48,2102.1,102.200,0.29791459781529400,8.282716524672030000,405.1769,324.7947
1983-11-01,8.1,9.34,2117.6,102.100,0.19801980198019900,7.892510987644420000,409.4961,328.0689
1983-12-01,8.0,9.47,2134.0,102.300,0.09881422924901230,7.262036182517800000,415.6850,331.1985
1984-01-01,8.8,9.56,2145.0,102.900,0.59230009871667300,7.967068091252080000,415.6482,334.2795
1984-02-01,8.4,9.59,2147.7,103.200,0.49067713444555000,7.852695873965880000,422.8949,337.3754
1984-03-01,8.1,9.91,2169.0,103.900,0.19531250000000100,7.683976640159510000,432.1394,341.1516
1984-04-01,7.6,10.29,2196.0,104.000,0.48732943469784500,6.814817593827430000,438.9105,345.3213
1984-05-01,7.2,10.32,2191.4,104.100,0.29097963142581400,6.799934845914790000,447.4604,349.0001
1984-06-01,7.4,11.06,2214.3,104.000,0.29013539651836400,4.366249539105460000,451.7030,353.3175
1984-07-01,7.5,11.23,2228.0,104.200,0.38572806171649200,3.695906946904080000,455.3442,356.8347
1984-08-01,7.3,11.64,2228.9,103.800,0.38424591738712900,3.315525343082800000,456.2918,360.6458
1984-09-01,7.1,11.30,2242.8,103.400,0.47846889952153300,1.318090458877700000,460.8141,365.3450
1984-10-01,7.0,9.99,2259.7,103.400,0.28571428571428700,3.768740208116820000,465.1443,368.5313
1984-11-01,6.9,9.43,2286.3,103.700,0.00000000000000000,4.038093828123200000,470.4280,373.2390
1984-12-01,7.0,8.38,2318.5,103.500,0.00000000000000000,4.081203435190440000,475.1162,377.1446
1985-01-01,8.0,8.35,2339.6,103.400,0.18993352326685700,3.669623240718130000,472.4811,379.6286
1985-02-01,7.8,8.50,2343.4,103.300,0.47393364928910200,3.946188777656510000,476.6542,382.6047
1985-03-01,7.5,8.58,2360.4,103.100,0.37735849056603900,3.643185919984890000,483.2645,385.8497
1985-04-01,7.1,8.27,2379.7,103.300,0.46992481203006500,2.090211066539350000,482.9894,389.4267
1985-05-01,7.0,7.97,2376.4,103.500,0.37418147801684000,4.175145016513980000,483.8545,393.7881
1985-06-01,7.5,7.53,2413.4,103.300,0.27958993476236200,5.688921084839940000,484.3941,397.6140
1985-07-01,7.4,7.88,2434.8,103.200,0.18587360594795600,7.316349247387440000,485.3846,401.4384
1985-08-01,6.9,7.90,2442.5,102.700,0.18552875695732900,6.973433513351630000,486.1191,405.7262
1985-09-01,6.9,7.92,2452.7,102.100,0.27777777777776700,3.105135661009300000,490.4001,410.0033
1985-10-01,6.8,7.99,2466.3,102.900,0.36934441366574500,1.396502544931300000,489.9881,415.2437
1985-11-01,6.7,8.05,2482.0,103.400,0.27598896044158400,2.616610969866860000,495.0879,419.4549
1985-12-01,6.7,8.27,2504.1,103.600,0.27522935779816600,4.051739737692480000,500.5970,423.7357
1986-01-01,7.3,8.14,2510.8,103.200,0.27447392497712800,5.875771900615730000,500.0338,427.7288
1986-02-01,7.8,7.86,2502.1,101.700,-0.27372262773722700,2.346757229258320000,501.7251,431.3715
1986-03-01,7.5,7.48,2527.6,100.300,-0.45745654162853500,0.403954679080344000,508.3436,435.5675
1986-04-01,7.0,6.99,2564.8,99.600,-0.18382352941176500,1.867864738581770000,511.6836,440.6955
1986-05-01,7.0,6.85,2571.1,100.000,0.27624309392264100,2.015517718319450000,511.2438,446.0459
1986-06-01,7.3,6.92,2605.3,99.900,0.55096418732782600,3.421788151905890000,513.3077,451.2151
1986-07-01,7.0,6.56,2632.4,99.400,0.00000000000000000,5.289728187601700000,511.4799,457.4938
1986-08-01,6.7,6.17,2645.9,99.300,0.18264840182647300,3.634703219526100000,511.4246,463.9121
1986-09-01,6.8,5.89,2661.7,99.400,0.45578851412945800,2.253917560728940000,513.6067,469.6632
1986-10-01,6.6,5.85,2684.4,99.700,0.09074410163338220,1.824953654248990000,514.4640,474.9943
1986-11-01,6.6,6.04,2705.2,99.800,0.09066183136900600,1.646020760214970000,521.9787,480.2079
1986-12-01,6.3,6.91,2740.7,99.700,0.09057971014491600,2.369108703193130000,540.9673,491.7181
1987-01-01,7.3,6.43,2753.5,100.500,0.63348416289594200,2.487762987937750000,548.0679,503.0714
1987-02-01,7.2,6.10,2735.2,101.000,0.35971223021582900,4.497332673832550000,547.4628,507.3414
1987-03-01,6.9,6.13,2748.0,101.200,0.44802867383511500,3.906729166752270000,551.2035,514.8042
1987-04-01,6.2,6.37,2778.9,101.900,0.53523639607493500,4.831374460307240000,553.7675,523.4676
1987-05-01,6.1,6.85,2759.7,102.600,0.35492457852706400,4.525619408904530000,555.1597,531.4877
1987-06-01,6.3,6.73,2773.4,103.000,0.35366931918656200,2.750229523400580000,556.7288,541.7932
1987-07-01,6.1,6.58,2785.2,103.500,0.26431718061673000,2.498898902152200000,552.0980,550.1297
1987-08-01,5.8,6.73,2787.5,103.800,0.52724077328645800,3.048110599897560000,550.7233,557.1980
1987-09-01,5.7,7.22,2793.3,103.700,0.52447552447552700,7.502005222495620000,557.0195,563.9049
1987-10-01,5.7,7.29,2811.2,104.100,0.26086956521740400,9.655266723312600000,560.2135,572.0922
1987-11-01,5.6,6.69,2821.6,104.200,0.08673026886382240,5.739815162543750000,560.9244,578.7135
1987-12-01,5.4,6.77,2838.3,104.200,0.00000000000000000,2.783014114813950000,566.5206,586.4998
1988-01-01,6.3,6.83,2857.2,104.600,0.25996533795495200,-0.705637060167134000,565.7276,591.1946
1988-02-01,6.2,6.58,2858.8,104.800,0.25929127052721500,2.018373039302890000,568.3614,594.2187
1988-03-01,5.9,6.58,2886.7,104.900,0.43103448275863400,5.336284710455620000,574.0948,599.3959
1988-04-01,5.3,6.87,2925.3,105.800,0.51502145922747000,7.341753923193600000,581.6184,607.4334
1988-05-01,5.4,7.09,2910.7,106.500,0.34158838599487800,4.673229031760920000,587.5862,615.6095
1988-06-01,5.5,7.51,2935.3,107.200,0.42553191489360800,2.925072277554230000,591.1796,622.8523
1988-07-01,5.5,7.75,2953.2,107.900,0.42372881355932400,0.471477455905823000,592.7022,630.5427
1988-08-01,5.4,8.01,2949.8,108.000,0.42194092827003300,2.160240738674650000,591.5174,638.2505
1988-09-01,5.2,8.19,2950.1,108.100,0.67226890756302800,4.762603748964340000,591.2183,645.2028
1988-10-01,5.0,8.30,2962.0,108.200,0.33388981636060200,6.126364576835520000,596.6600,653.1645
1988-11-01,5.2,8.35,2982.7,108.300,0.08319467554077670,6.127671764829710000,599.9527,658.5195
1988-12-01,5.0,8.76,3000.6,109.000,0.16625103906899500,5.351750324420940000,605.7564,664.1659
1989-01-01,6.0,9.12,2998.9,110.500,0.49792531120332200,3.829009518932400000,604.1324,675.7164
1989-02-01,5.6,9.36,2982.6,110.800,0.41288191577208000,2.420489920980590000,616.6014,680.7852
1989-03-01,5.2,9.85,2999.0,111.500,0.57565789473685500,3.232455021616830000,619.1875,686.5297
1989-04-01,5.1,9.84,3023.2,112.300,0.65412919051512900,3.099544704606430000,623.4407,696.4856
1989-05-01,5.0,9.81,2996.0,113.200,0.56864337936636000,2.677947001953500000,628.1248,703.7501
1989-06-01,5.5,9.53,3022.6,112.900,0.24232633279482100,3.828244813022030000,626.4638,711.9743
1989-07-01,5.3,9.24,3055.6,112.800,0.24174053182918200,2.702171252666810000,629.9924,721.0008
1989-08-01,5.1,8.99,3071.1,112.000,0.16077170418004400,4.126656026644270000,632.4577,731.3223
1989-09-01,5.1,9.02,3086.3,112.400,0.32102728731942400,-0.116645741795629000,632.8844,740.3111
1989-10-01,5.0,8.84,3109.3,112.800,0.48000000000000200,-1.212599131649870000,637.2803,747.2852
1989-11-01,5.2,8.55,3136.0,112.700,0.23885350318470400,1.459386093979280000,639.0977,754.9885
1989-12-01,5.1,8.45,3165.6,113.000,0.15885623510722900,3.905920999542330000,638.3891,761.4448
1990-01-01,6.0,8.23,3170.4,114.900,1.03092783505156000,4.877745208309460000,632.9655,764.7250
1990-02-01,5.9,8.24,3170.5,114.400,0.47095761381475900,6.167841676012210000,635.8008,771.9420
1990-03-01,5.5,8.28,3192.6,114.200,0.54687499999999200,2.915672093657270000,641.1962,778.9809
1990-04-01,5.3,8.26,3219.8,114.100,0.15540015540017600,-0.555194538864736000,645.2505,786.8497
1990-05-01,5.2,8.18,3186.7,114.600,0.23273855702091700,0.748212232943064000,643.4183,797.4075
1990-06-01,5.4,8.29,3210.8,114.300,0.54179566563470800,1.178914825079230000,643.5061,805.8300
1990-07-01,5.6,8.15,3224.5,114.500,0.38491147036180800,0.710573649533625000,639.0777,814.6375
1990-08-01,5.5,8.13,3238.7,116.500,0.92024539877301000,0.008498766720995480,637.7593,819.8202
1990-09-01,5.6,8.20,3249.0,118.400,0.83586626139817000,-2.842340781923610000,635.4856,824.3808
1990-10-01,5.5,8.11,3253.7,120.800,0.60286360211000500,-4.283498571515170000,635.6388,831.4768
1990-11-01,5.9,7.81,3265.3,120.100,0.22471910112360600,-5.753815983152370000,638.9922,837.2733
1990-12-01,6.0,7.31,3285.1,118.700,0.00000000000000000,-2.883017254401780000,641.9638,843.8140
1991-01-01,7.1,6.91,3289.3,119.000,0.59790732436470600,-1.258896936304210000,633.1742,845.3875
1991-02-01,7.3,6.25,3296.3,117.200,0.14858841010403200,-1.196224717517640000,635.0636,848.6592
1991-03-01,7.2,6.12,3327.3,116.200,0.14836795252225600,0.806275946874805000,638.2928,854.2907
1991-04-01,6.5,5.91,3349.5,116.000,0.14814814814812900,5.220988281427850000,635.7611,858.5403
1991-05-01,6.7,5.78,3330.3,116.500,0.29585798816568200,4.592676233716300000,631.0703,861.9788
1991-06-01,7.0,5.90,3349.7,116.400,0.29498525073748400,2.688177864309420000,628.1952,866.1254
1991-07-01,6.8,5.82,3354.4,116.100,0.14705882352939300,1.634138625784150000,622.6579,864.6953
1991-08-01,6.6,5.66,3351.4,116.200,0.29368575624082400,0.816811793961961000,615.8168,864.0423
1991-09-01,6.5,5.45,3347.6,116.100,0.43923865300146600,1.627116469173520000,616.7396,865.4474
1991-10-01,6.5,5.21,3353.8,116.400,0.14577259475220600,0.525524320574069000,618.8955,868.0981
1991-11-01,6.7,4.81,3371.2,116.400,0.29112081513828400,1.856392475636960000,618.2401,870.4257
1991-12-01,6.9,4.43,3386.4,115.900,0.07256894049345950,3.186362860003490000,618.3621,870.7876
1992-01-01,8.1,4.03,3383.2,115.600,0.14503263234227800,5.472735836334890000,610.8545,870.1207
1992-02-01,8.2,4.06,3390.1,116.000,0.36205648081099800,6.165365767332330000,609.2603,870.3462
1992-03-01,7.8,3.98,3404.8,116.100,0.50505050505053600,5.839824152924670000,610.5367,871.2985
1992-04-01,7.2,3.73,3418.9,116.300,0.14357501794685900,3.863350609021560000,608.7587,878.8562
1992-05-01,7.3,3.82,3388.0,117.200,0.14336917562724100,2.826307955222300000,605.3502,880.9238
1992-06-01,8.0,3.76,3388.7,118.000,0.35790980672869600,3.756958346152060000,602.7208,879.5056
1992-07-01,7.7,3.25,3393.2,117.900,0.21398002853068100,4.739873220134880000,598.8481,878.8247
1992-08-01,7.4,3.30,3396.5,117.700,0.28469750889679800,2.905516591741950000,594.5844,880.4345
1992-09-01,7.3,3.22,3401.2,118.000,0.28388928317956100,5.029317990243200000,594.7444,884.0431
1992-10-01,6.9,3.10,3418.7,118.100,0.35385704175512300,5.528552979474230000,594.7105,888.1187
1992-11-01,7.1,3.09,3433.4,117.800,0.14104372355430200,3.509877932060670000,596.3976,890.6699
1992-12-01,7.1,2.92,3441.3,117.600,-0.07042253521127720,0.791339958919133000,596.0031,890.8834
1993-01-01,8.0,3.02,3423.6,118.000,0.49330514446792800,-0.568448244899225000,593.2091,885.8091
1993-02-01,7.8,3.03,3400.7,118.400,0.35063113604489200,0.329638556276051000,593.4956,884.0994
1993-03-01,7.4,3.07,3410.5,118.700,0.34940600978336000,1.948028367202510000,594.4078,886.0253
1993-04-01,6.9,2.96,3430.4,119.300,0.27855153203342700,3.195147254711390000,590.0208,890.1302
1993-05-01,6.8,3.00,3425.0,119.700,0.13888888888888900,2.883516687936850000,591.2285,896.5726
1993-06-01,7.2,3.04,3439.5,119.500,0.13869625520112800,1.324385789053560000,591.8446,902.1046
1993-07-01,7.0,3.06,3442.6,119.200,0.00000000000000000,0.593068293901498000,587.6010,904.6751
1993-08-01,6.6,3.03,3440.9,118.700,0.27700831024930900,2.305047460974310000,584.6127,907.7069
1993-09-01,6.4,3.09,3443.5,118.700,0.20718232044198100,5.212245495556480000,581.8573,911.9960
1993-10-01,6.4,2.99,3452.7,119.100,0.41350792556855700,7.009589440441600000,581.7561,917.3530
1993-11-01,6.2,3.02,3474.7,119.000,0.06863417982157850,5.424728959313880000,583.1517,923.0157
1993-12-01,6.1,2.96,3495.1,118.600,0.00000000000000000,4.028769941034470000,582.8848,932.1616
1994-01-01,7.3,3.05,3480.1,119.100,0.27434842249655400,2.659907969954960000,585.5685,930.0397
1994-02-01,7.1,3.25,3459.7,119.300,0.34199726402188000,3.311066815143490000,588.6758,926.9809
1994-03-01,6.8,3.34,3477.2,119.700,0.34083162917519800,6.651786962692120000,597.8574,927.4581
1994-04-01,6.2,3.56,3503.1,119.700,0.13586956521739200,6.109447580072690000,605.0496,932.4176
1994-05-01,5.9,4.01,3474.5,119.900,0.06784260515604720,5.381178714688250000,608.3717,937.0955
1994-06-01,6.2,4.25,3477.4,120.500,0.33898305084745000,2.765832861052540000,610.4947,943.9472
1994-07-01,6.2,4.26,3491.5,120.700,0.27027027027027100,0.493463623220202000,615.9570,951.7214
1994-08-01,5.9,4.47,3481.6,121.200,0.40431266846361400,2.234150273075660000,618.2437,958.3951
1994-09-01,5.6,4.73,3476.8,121.000,0.26845637583892700,4.119447335519200000,621.3604,966.8010
1994-10-01,5.4,4.76,3478.2,120.900,0.06693440428381100,5.607388613616100000,629.5241,973.9983
1994-11-01,5.3,5.29,3491.8,121.500,0.13377926421403000,5.242162516896040000,637.2752,981.8181
1994-12-01,5.1,5.45,3507.8,121.900,0.00000000000000000,3.237031741212690000,642.6727,991.6256
1995-01-01,6.2,5.53,3495.3,122.900,0.40080160320641400,0.309173698567342000,652.7363,997.9298
1995-02-01,5.9,5.92,3474.9,123.500,0.39920159680638900,-0.160918228498234000,667.9365,1003.8502
1995-03-01,5.7,5.98,3491.7,123.900,0.33134526176274900,0.428241556928454000,676.6338,1008.5446
1995-04-01,5.6,6.05,3522.4,124.600,0.33025099075298200,0.851943763543469000,682.8063,1016.3400
1995-05-01,5.5,6.01,3506.7,124.900,0.19749835418037400,2.120287322302580000,690.2417,1024.0660
1995-06-01,5.8,6.00,3545.5,125.300,0.19710906701709200,3.206503833349650000,692.1632,1033.8661
1995-07-01,5.9,5.85,3569.7,125.300,0.00000000000000000,2.729616601614310000,697.2989,1044.6327
1995-08-01,5.6,5.74,3585.2,125.100,0.26229508196721400,4.961351325086590000,697.5647,1050.7308
1995-09-01,5.4,5.80,3594.6,125.200,0.19620667102680700,3.844574170818950000,702.3079,1056.8521
1995-10-01,5.2,5.76,3602.3,125.300,0.32637075718014900,1.896450042908810000,704.6163,1059.9774
1995-11-01,5.3,5.80,3622.9,125.400,-0.06506180871827410,1.851149448029290000,711.5602,1064.9765
1995-12-01,5.2,5.60,3653.3,125.700,-0.06510416666665840,2.332357826534620000,714.2085,1066.3158
1996-01-01,6.3,5.56,3651.3,126.300,0.58631921824103600,1.390380799532600000,720.3786,1070.0721
1996-02-01,6.0,5.22,3647.5,126.200,0.32383419689120200,5.006033036648350000,726.2534,1069.5359
1996-03-01,5.8,5.31,3694.0,126.400,0.51646223369914600,6.173075271099420000,730.2725,1072.0550
1996-04-01,5.4,5.22,3720.6,127.400,0.38535645472063500,7.919770873885210000,737.5891,1075.5403
1996-05-01,5.4,5.24,3690.1,128.100,0.19193857965450300,6.987920137761420000,740.5124,1077.4522
1996-06-01,5.5,5.27,3721.0,128.000,0.06385696040867640,4.447046095549470000,742.6982,1083.0304
1996-07-01,5.6,5.40,3734.1,128.000,0.19144862795150900,1.930664686853170000,742.7408,1080.7137
1996-08-01,5.1,5.22,3741.6,128.300,0.19108280254778000,2.915515181654700000,741.4776,1091.1147
1996-09-01,5.0,5.30,3744.2,128.200,0.31786395422758300,4.637597769274000000,755.0209,1098.3514
1996-10-01,4.9,5.24,3758.7,128.000,0.31685678073510100,5.144151584956960000,764.9315,1107.3145
1996-11-01,5.0,5.31,3797.2,128.200,0.18951358180668900,4.216990753170990000,771.3940,1116.1125
1996-12-01,5.0,5.29,3839.8,129.100,0.00000000000000000,1.131567058840780000,778.4343,1127.5327
1997-01-01,5.9,5.25,3839.5,129.700,0.31525851197981600,0.576967452032079000,781.1222,1132.1863
1997-02-01,5.7,5.19,3835.1,128.500,0.31426775612823100,4.432354297601590000,791.9474,1133.3495
1997-03-01,5.5,5.39,3873.2,127.300,0.25062656641604100,6.113110685751840000,798.2926,1142.3273
1997-04-01,4.8,5.51,3905.7,127.000,0.12499999999998400,7.967662903037820000,809.4824,1156.6956
1997-05-01,4.7,5.50,3869.4,127.400,-0.06242197253432410,6.624710724306710000,813.3899,1167.8155
1997-06-01,5.2,5.56,3899.5,127.200,0.12492192379764300,5.507909289535380000,814.5937,1181.3115
1997-07-01,5.0,5.52,3918.5,126.900,0.12476606363067700,5.055940253800920000,813.0479,1190.1772
1997-08-01,4.8,5.54,3953.2,127.200,0.18691588785047600,4.155644474824460000,814.8431,1198.7822
1997-09-01,4.7,5.54,3961.5,127.500,0.24875621890545700,3.635116642072850000,826.4716,1210.5250
1997-10-01,4.4,5.50,3977.2,127.800,0.24813895781637800,3.001317010002080000,833.4817,1216.8515
1997-11-01,4.3,5.52,4015.8,127.900,-0.06188118811880400,3.358460335571080000,839.5687,1223.4858
1997-12-01,4.4,5.50,4055.1,126.800,-0.12383900928791000,3.632685517425640000,845.8462,1225.9171
1998-01-01,5.2,5.56,4062.5,125.400,0.18598884066953600,4.303705158391070000,854.4371,1227.2205
1998-02-01,5.0,5.51,4080.1,125.000,0.18564356435644500,4.364061288484220000,865.7589,1236.0256
1998-03-01,5.0,5.49,4131.7,124.700,0.18529956763433500,3.549912129404900000,868.5829,1246.8187
1998-04-01,4.1,5.45,4174.6,124.900,0.18495684340321500,3.475983440706800000,869.8634,1254.3683
1998-05-01,4.2,5.49,4144.0,125.100,0.18461538461539300,3.987989360688540000,880.3609,1255.7779
1998-06-01,4.7,5.56,4174.6,124.800,0.12285012285012300,3.303496294636580000,892.1138,1258.2012
1998-07-01,4.7,5.54,4193.2,124.900,0.12269938650305200,4.284874567650770000,893.0475,1265.1169
1998-08-01,4.5,5.55,4220.3,124.200,0.12254901960786000,7.276762319201810000,895.4415,1274.3950
1998-09-01,4.4,5.51,4254.4,123.800,0.12239902080781800,6.816503288083940000,908.9118,1277.2430
1998-10-01,4.2,5.07,4291.4,124.000,0.24449877750613000,7.160072908351740000,931.0810,1285.3074
1998-11-01,4.1,4.83,4345.9,123.600,0.00000000000000000,5.541051430982600000,941.9991,1306.8243
1998-12-01,4.0,4.68,4399.6,122.800,-0.06097560975610580,4.232095293571640000,940.1708,1317.3062
1999-01-01,4.8,4.63,4409.5,122.900,0.24405125076267700,3.399260125491200000,936.6691,1320.7727
1999-02-01,4.7,4.76,4418.7,122.300,0.12172854534386800,3.414479387296040000,940.1176,1318.9785
1999-03-01,4.4,4.81,4455.6,122.600,0.30395136778116400,2.803648692935550000,946.9501,1321.1179
1999-04-01,4.1,4.74,4501.4,123.600,0.72727272727271400,3.061473434128300000,952.9272,1326.9637
1999-05-01,4.0,4.74,4464.1,124.700,0.00000000000000000,3.845945754315330000,947.2921,1337.4576
1999-06-01,4.5,4.76,4494.7,125.200,0.00000000000000000,4.028423361134040000,950.8006,1343.5433
1999-07-01,4.5,4.99,4519.6,125.700,0.30084235860408500,5.435950136064140000,953.2766,1353.3624
1999-08-01,4.2,5.07,4539.4,126.900,0.23995200959809700,6.023121473084820000,960.2613,1371.8349
1999-09-01,4.1,5.22,4553.1,128.000,0.47875523638538400,7.068598046214750000,971.3059,1390.7791
1999-10-01,3.8,5.20,4574.8,127.700,0.17867778439546600,8.798968638164260000,977.6750,1413.0936
1999-11-01,3.8,5.42,4610.2,128.300,0.05945303210464540,5.452674519709070000,999.7367,1429.8947
1999-12-01,3.7,5.30,4664.5,127.800,0.00000000000000000,1.195734104094710000,1002.0151,1467.2083
2000-01-01,4.5,5.45,4672.6,128.300,0.29708853238265900,-1.427080504414590000,1002.4454,1485.1328
2000-02-01,4.4,5.73,4674.4,129.800,0.59241706161137700,0.843350522836332000,1021.3223,1490.7678
2000-03-01,4.3,5.85,4736.0,130.800,0.82449941107183700,7.854704407070800000,1029.2104,1512.2699
2000-04-01,3.7,6.02,4806.1,130.700,0.05841121495327900,10.911079230631900000,1041.3789,1534.3435
2000-05-01,3.8,6.27,4732.3,131.600,0.11675423234092300,6.858187571754140000,1058.2180,1560.8429
2000-06-01,4.1,6.53,4757.7,133.800,0.52478134110788200,1.922393701361690000,1063.6394,1579.7148
2000-07-01,4.2,6.54,4773.9,133.700,0.23201856148492000,-2.745514167484220000,1062.9152,1599.2157
2000-08-01,4.1,6.50,4804.4,132.900,0.00000000000000000,-1.108798572152690000,1062.8728,1615.3362
2000-09-01,3.8,6.52,4840.0,134.700,0.52083333333331200,3.357366547752510000,1068.5774,1627.3324
2000-10-01,3.6,6.51,4853.9,135.400,0.17271157167531100,4.082221994941270000,1076.2505,1628.1265
2000-11-01,3.7,6.51,4881.7,135.000,0.05747126436780880,2.417156454208260000,1079.5047,1641.8589
2000-12-01,3.7,6.40,4952.6,136.200,-0.05743825387707480,-1.342385521553820000,1085.8334,1646.2971
2001-01-01,4.7,5.98,4978.5,140.000,0.63218390804597200,-3.501692607666250000,1092.6257,1645.9650
2001-02-01,4.6,5.49,5007.3,137.400,0.39977155910909000,-1.898057123021180000,1099.4252,1653.4572
2001-03-01,4.5,5.31,5097.5,135.900,0.22753128555174900,2.877659895656330000,1095.3238,1662.2295
2001-04-01,4.2,4.80,5173.5,136.400,0.39727582292850000,4.556773396642120000,1095.5755,1674.2182
2001-05-01,4.1,4.21,5110.4,136.800,0.45223289994345800,3.142629465295290000,1090.9447,1690.8677
2001-06-01,4.7,3.97,5159.6,135.500,0.16882386043895000,-1.523766149411130000,1073.1209,1693.3104
2001-07-01,4.7,3.77,5188.2,133.400,-0.28089887640448800,-3.590823164767200000,1058.8788,1700.9078
2001-08-01,4.9,3.65,5224.1,133.400,0.00000000000000000,-1.933840273573740000,1048.3954,1705.2100
2001-09-01,4.7,3.07,5335.6,133.300,0.45070422535211400,0.090523954942300900,1054.9491,1717.7826
2001-10-01,5.0,2.49,5320.7,130.300,-0.33651149747618000,1.400284804414100000,1041.8392,1721.9818
2001-11-01,5.3,2.09,5383.6,129.800,-0.16882386043893500,2.250951554311930000,1032.6830,1747.9837
2001-12-01,5.4,1.82,5463.8,128.100,-0.39458850056370700,3.036096346206030000,1021.7855,1765.4254
2002-01-01,6.3,1.73,5449.9,128.500,0.22637238256932800,4.010867669003270000,1010.8526,1759.5983
2002-02-01,6.1,1.74,5469.3,128.400,0.39525691699607100,3.352946352346610000,1021.0308,1764.3547
2002-03-01,6.1,1.73,5518.1,129.800,0.56242969628796600,2.623908199706890000,1014.8204,1764.4286
2002-04-01,5.7,1.75,5532.5,130.800,0.55928411633108400,2.336484798679500000,1006.2120,1772.8266
2002-05-01,5.5,1.75,5499.0,130.800,0.00000000000000000,2.109411341882200000,997.3295,1785.8934
2002-06-01,6.0,1.75,5536.9,130.900,0.05561735261402310,2.275575933847490000,985.0384,1810.4563
2002-07-01,5.9,1.73,5577.7,131.200,0.11117287381877400,1.594072996557080000,972.4925,1835.9543
2002-08-01,5.7,1.74,5620.7,131.500,0.33314825097168400,1.369558208651400000,966.8920,1868.5377
2002-09-01,5.4,1.75,5645.6,132.300,0.16602102933039000,0.293242233546056000,962.7299,1906.8893
2002-10-01,5.3,1.75,5684.5,133.200,0.16574585635359900,0.059933137503733300,959.7806,1954.2391
2002-11-01,5.6,1.34,5756.6,133.100,0.00000000000000000,1.046596803251460000,959.1448,1991.7062
2002-12-01,5.7,1.24,5803.0,132.900,-0.22062879205736400,0.476829951272479000,957.4304,2017.2374
2003-01-01,6.5,1.24,5792.4,135.300,0.44223327805416100,2.919561211200330000,949.3908,2037.6071
2003-02-01,6.4,1.26,5819.7,137.600,0.77050082553660200,2.711220461672060000,944.9444,2063.5531
2003-03-01,6.2,1.25,5881.0,141.200,0.60076460950299900,2.369350283535640000,939.7252,2073.3835
2003-04-01,5.8,1.26,5937.4,136.800,-0.21715526601518700,2.582628222623210000,940.2630,2094.6176
2003-05-01,5.8,1.26,5937.0,136.700,-0.16322089227421900,5.001424402387630000,929.3242,2125.4709
2003-06-01,6.5,1.22,5991.1,138.000,0.10899182561307900,6.825287233303550000,918.4493,2143.9296
2003-07-01,6.3,1.01,6034.0,137.700,0.10887316276537900,7.406288988386250000,918.0266,2177.9192
2003-08-01,6.0,1.03,6090.6,138.000,0.38064165307231600,6.232508616575350000,905.5974,2224.3492
2003-09-01,5.8,1.01,6062.6,138.500,0.32502708559046700,6.190648813913970000,897.1327,2242.3954
2003-10-01,5.6,1.01,6047.2,139.300,-0.10799136069114500,4.533544345504780000,884.2881,2222.8406
2003-11-01,5.6,1.00,6075.7,138.900,-0.27027027027026400,3.448021898068320000,880.5929,2215.1611
2003-12-01,5.4,0.98,6097.3,139.500,-0.10840108401084100,2.191532847877090000,883.4440,2214.0218
2004-01-01,6.3,1.00,6057.8,141.400,0.48833423765599000,1.601651198531710000,875.8919,2227.2603
2004-02-01,6.0,1.01,6087.9,142.100,0.53995680345571200,2.458372168757480000,876.8264,2246.5467
2004-03-01,6.0,1.00,6167.4,143.100,0.64446831364126300,2.997868825861290000,870.7900,2276.4245
2004-04-01,5.4,1.00,6234.8,144.800,0.32017075773746100,3.031722399509870000,868.5807,2329.5593
2004-05-01,5.3,1.00,6248.5,146.800,0.58510638297871900,3.418606883751450000,866.9749,2377.5348
2004-06-01,5.8,1.03,6271.7,147.200,0.31729243786356600,3.545368996407020000,869.9400,2404.0447
2004-07-01,5.7,1.26,6277.9,147.400,-0.15814443858723700,4.070038137347090000,874.8297,2415.7929
2004-08-01,5.4,1.43,6299.5,148.000,0.05279831045405870,3.766748570554980000,879.6647,2441.5790
2004-09-01,5.1,1.61,6332.7,147.700,0.21108179419525200,3.469771816187960000,884.8778,2474.2959
2004-10-01,5.1,1.76,6354.5,150.000,0.52659294365455700,4.043894064773550000,887.5591,2506.0408
2004-11-01,5.2,1.93,6404.0,151.400,0.05238344683080860,4.274677804697460000,896.8835,2539.1992
2004-12-01,5.1,2.16,6446.3,150.200,-0.36649214659685300,5.228109817415970000,906.8770,2558.1693
2005-01-01,5.7,2.28,6403.0,150.900,0.21019442984759600,5.267604724766090000,921.2617,2577.6778
2005-02-01,5.8,2.50,6404.6,151.600,0.57682223387520600,3.903471460208330000,933.6356,2599.0931
2005-03-01,5.4,2.63,6463.7,153.700,0.78206465067777200,1.418170468777430000,946.6581,2636.0575
2005-04-01,4.9,2.79,6507.2,155.000,0.67252974650801400,1.364220710807540000,962.1103,2666.7128
2005-05-01,4.9,3.00,6458.5,154.300,-0.10277492291879500,1.618890065541890000,972.0800,2690.5723
2005-06-01,5.2,3.04,6510.4,154.300,0.05144032921810040,3.414538639215910000,975.4887,2729.7654
2005-07-01,5.2,3.26,6529.3,156.300,0.46272493573265600,3.783770479298890000,985.3175,2784.9013
2005-08-01,4.9,3.50,6553.5,157.600,0.51177072671443400,3.909426835934970000,992.2647,2829.2200
2005-09-01,4.8,3.62,6586.2,162.200,1.22199592668025000,0.557605411592834000,999.8397,2853.1393
2005-10-01,4.6,3.78,6613.4,166.200,0.20120724346075200,0.917003459414412000,1013.9806,2879.6712
2005-11-01,4.8,4.00,6654.1,163.700,-0.80321285140562600,3.357187084131020000,1022.6960,2906.2069
2005-12-01,4.6,4.16,6707.2,163.000,-0.40485829959513000,5.887730346195350000,1037.2559,2929.6601
2006-01-01,5.1,4.29,6705.3,164.300,0.76219512195121600,6.817434363887270000,1049.0138,2945.0594
2006-02-01,5.1,4.49,6722.4,161.800,0.20171457387795000,4.997382186966970000,1060.1331,2966.3091
2006-03-01,4.8,4.59,6794.9,162.200,0.55359838953198000,2.658270108637800000,1069.1643,2984.6807
2006-04-01,4.5,4.79,6858.4,164.300,0.85085085085083400,-0.114556878117625000,1088.1810,3016.6105
2006-05-01,4.4,4.94,6796.8,165.800,0.49627791563274300,-0.331616270536888000,1106.4184,3054.2649
2006-06-01,4.8,4.99,6850.5,166.100,0.19753086419753200,-0.485566587737872000,1118.4547,3091.4024
2006-07-01,5.0,5.24,6872.0,166.800,0.29571217348448900,-0.204058963788748000,1124.0606,3124.4861
2006-08-01,4.6,5.25,6890.6,167.900,0.19656019656019700,1.978711190045670000,1147.3077,3134.8638
2006-09-01,4.4,5.25,6918.0,165.400,-0.49043648847475700,3.371746787799530000,1150.9467,3164.4765
2006-10-01,4.1,5.25,6960.8,162.200,-0.54213898472152100,4.114825607928920000,1162.6095,3315.5353
2006-11-01,4.3,5.25,7023.0,164.600,-0.14866204162537900,3.497958905089930000,1171.6304,3345.2370
2006-12-01,4.3,5.24,7098.0,165.600,0.14888337468983300,2.177573728645850000,1184.5780,3374.2267
2007-01-01,5.0,5.25,7095.9,164.000,0.30525272547076300,-0.524177168775297000,1192.8212,3393.5714
2007-02-01,4.9,5.26,7107.5,166.800,0.53503675598766200,0.901558311421012000,1207.0272,3416.7560
2007-03-01,4.5,5.26,7205.3,169.300,0.91056958510854300,2.490645038309660000,1216.1881,3352.3991
2007-04-01,4.3,5.25,7294.5,171.400,0.64961626865088900,2.888516565933810000,1229.1651,3379.0715
2007-05-01,4.3,5.25,7238.8,173.300,0.61107186747047000,3.051011994090980000,1247.3248,3407.6326
2007-06-01,4.7,5.25,7282.8,173.800,0.19379751766056500,2.254783864109400000,1262.6589,3427.5488
2007-07-01,4.9,5.26,7285.6,175.100,-0.02543772078020540,1.584674277099360000,1272.5216,3450.0151
2007-08-01,4.6,5.02,7344.9,172.400,-0.18339022270871100,2.876047571664440000,1301.1760,3473.1535
2007-09-01,4.5,4.94,7365.5,173.500,0.27559074053589300,3.545302160037780000,1350.7923,3506.6240
2007-10-01,4.4,4.76,7376.2,174.700,0.21391913281211700,3.367374044534100000,1377.5167,3562.7335
2007-11-01,4.5,4.49,7434.6,179.000,0.59396178734158100,1.762155873590630000,1397.4512,3593.8161
2007-12-01,4.8,4.24,7502.0,178.600,-0.06708631296478140,-1.721885152801340000,1421.1636,3602.8571
2008-01-01,5.4,3.94,7500.1,181.000,0.49705764726046900,-3.381339877820830000,1441.0593,3614.2731
2008-02-01,5.2,2.98,7582.2,182.700,0.29041121849534800,-2.210657936522610000,1451.4863,3627.4068
2008-03-01,5.2,2.61,7716.2,187.900,0.86682129309896700,1.558655014945890000,1471.5166,3639.7590
2008-04-01,4.8,2.28,7764.4,190.900,0.60647783897195600,4.197893586122400000,1492.2624,3651.0550
2008-05-01,5.2,1.98,7706.2,196.600,0.84208860317563100,3.076344162648300000,1494.7865,3648.2978
2008-06-01,5.7,2.00,7728.6,200.500,1.00769969348940000,0.898411491003574000,1496.3269,3636.7235
2008-07-01,6.0,2.01,7741.7,205.500,0.52510111281221300,-1.564656343333450000,1499.9020,3629.3432
2008-08-01,6.1,2.00,7739.5,199.000,-0.39915622556417400,-5.057000651464680000,1505.4028,3631.9052
2008-09-01,6.0,1.81,7812.6,196.900,-0.13830185406645500,-9.080935067301090000,1532.3119,3669.4764
2008-10-01,6.1,0.97,7919.9,186.400,-1.01013332845789000,-9.350153979532340000,1589.8842,3829.0872
2008-11-01,6.5,0.39,8010.3,176.800,-1.91528953285958000,-10.258132772892900000,1580.8279,3833.1313
2008-12-01,7.1,0.16,8229.0,170.900,-1.03424738142875000,-7.686804814491140000,1563.6059,3825.4368
2009-01-01,8.5,0.15,8273.9,171.200,0.43524173754210100,-4.081415488062500000,1544.2795,3803.7828
2009-02-01,8.9,0.22,8302.5,169.300,0.49729330359047500,-1.301434546039390000,1534.7816,3825.1684
2009-03-01,9.0,0.18,8438.3,168.100,0.24317484554154000,-1.726108628135050000,1512.5286,3820.1286
2009-04-01,8.6,0.15,8438.4,169.100,0.24963682777879900,-0.504902627812764000,1493.1416,3832.1862
2009-05-01,9.1,0.18,8425.5,170.800,0.28887638341774500,-0.057614480824996800,1472.9185,3876.7436
2009-06-01,9.7,0.21,8438.1,174.100,0.85898922639533600,0.286576715341273000,1434.8055,3858.4673
2009-07-01,9.7,0.16,8404.5,172.500,-0.15855869221532300,1.161192497623580000,1384.6380,3835.5296
2009-08-01,9.6,0.16,8383.5,175.000,0.22428500448104900,2.071132704769530000,1356.6760,3814.2246
2009-09-01,9.5,0.15,8391.9,174.100,0.06254806934958170,4.846808045171570000,1338.7094,3766.7909
2009-10-01,9.5,0.12,8423.4,175.200,0.09631011858185780,5.331882644857790000,1309.7618,3744.9949
2009-11-01,9.4,0.12,8498.6,177.400,0.07077533687670790,4.331654678019950000,1293.7862,3812.5904
2009-12-01,9.7,0.12,8540.8,178.100,-0.17611981694631300,1.840729617975660000,1269.1825,3785.7535
2010-01-01,10.6,0.11,8461.6,181.900,0.34174735701485000,1.267083778180840000,1237.5881,3762.1723
2010-02-01,10.4,0.13,8506.1,181.000,0.02492073820764800,1.297428731490630000,1224.5828,3721.4996
2010-03-01,10.2,0.16,8574.3,183.300,0.41062835365710800,3.546858399361520000,1211.5438,3698.7987
2010-04-01,9.5,0.20,8599.5,184.400,0.17368849106974300,4.420135531475310000,1208.8840,3705.4917
2010-05-01,9.3,0.20,8581.9,184.800,0.07751973542377210,4.831695922228600000,1200.2140,3696.8575
2010-06-01,9.6,0.18,8604.1,183.500,-0.09762670846738880,3.338932403111210000,1190.1335,3679.7689
2010-07-01,9.7,0.18,8574.5,184.100,0.02110430573715090,2.760574423619400000,1181.4892,3657.4147
2010-08-01,9.5,0.19,8605.3,184.900,0.13806642784080700,2.458036823965220000,1182.7922,3655.0746
2010-09-01,9.2,0.19,8647.1,184.900,0.05817362307155690,3.029367510204280000,1185.7564,3643.1428
2010-10-01,9.0,0.19,8707.9,186.600,0.12451988884769600,2.855960461873150000,1185.3291,3630.3341
2010-11-01,9.3,0.19,8773.1,187.700,0.04206464238195070,1.331675712822610000,1188.4727,3631.1309
2010-12-01,9.1,0.18,8855.2,189.700,0.17184407892030900,-1.093989308150460000,1195.5718,3624.5123
2011-01-01,9.8,0.17,8847.3,192.700,0.47632300539741400,-3.084314459410230000,1194.3303,3608.6709
2011-02-01,9.5,0.16,8884.4,195.800,0.49313650254516200,-1.150214131997700000,1200.0505,3570.2972
2011-03-01,9.2,0.14,8997.7,199.200,0.97510720305093800,3.722582208565130000,1209.1056,3532.6133
2011-04-01,8.7,0.10,9052.8,203.100,0.64394295354569900,4.400150538854410000,1217.1456,3512.2217
2011-05-01,8.7,0.09,9022.9,204.100,0.47041875272336400,2.740774171200050000,1232.9855,3504.1099
2011-06-01,9.3,0.09,9111.4,203.900,-0.10709670566992200,-0.655838486575178000,1235.4086,3498.5939
2011-07-01,9.3,0.07,9263.9,204.600,0.08860456667935540,-2.068593534352140000,1239.2463,3493.5797
2011-08-01,9.1,0.10,9459.3,203.200,0.27575889023645000,-0.005253855179874640,1259.2837,3492.6788
2011-09-01,8.8,0.08,9497.8,203.700,0.15184621156946100,3.403775081330600000,1267.7382,3490.9965
2011-10-01,8.5,0.07,9547.6,201.100,-0.20626826333583600,6.133170535000530000,1279.0001,3500.9765
2011-11-01,8.2,0.08,9630.6,201.400,-0.08435613304420600,5.369960552953100000,1291.1388,3512.8282
2011-12-01,8.3,0.07,9726.7,199.800,-0.24665163771381700,4.209817854536680000,1305.9992,3506.6269
2012-01-01,8.8,0.08,9759.4,200.700,0.44001914282675100,2.869575023658710000,1318.7594,3516.6835
2012-02-01,8.7,0.10,9784.4,201.600,0.44029735512763100,2.460531348752390000,1344.0102,3539.0774
2012-03-01,8.4,0.13,9900.7,204.200,0.75945586239308600,2.013639959625620000,1354.7378,3534.1821
2012-04-01,7.7,0.14,9946.5,203.700,0.30210295040803400,1.954970769604140000,1372.8499,3530.5992
2012-05-01,7.9,0.16,9880.6,201.900,-0.11734793663210500,1.504427379173290000,1384.5863,3533.1974
2012-06-01,8.4,0.16,9958.4,199.800,-0.14663968844504900,0.999210391318355000,1402.2780,3526.8703
2012-07-01,8.6,0.16,10003.5,200.100,-0.16297858618256100,0.853481388191322000,1410.6709,3523.3360
2012-08-01,8.2,0.13,10066.5,202.700,0.55651581814370900,0.283253344413613000,1421.9452,3528.1977
2012-09-01,7.6,0.14,10162.7,204.400,0.44622122676113100,-0.322917924379948000,1429.7727,3533.6711
2012-10-01,7.5,0.16,10243.3,203.500,-0.03889251405532320,-0.535503614895437000,1446.6446,3530.2233
2012-11-01,7.4,0.16,10340.4,201.800,-0.47380866948818800,1.177968973320930000,1452.2038,3563.0111
2012-12-01,7.6,0.16,10528.6,201.500,-0.26930644902073500,3.546591841609690000,1475.0842,3561.4892
2013-01-01,8.5,0.14,10503.8,202.500,0.29573041929260400,4.651161718507450000,1481.2236,3564.6890
2013-02-01,8.1,0.15,10477.1,204.300,0.81900295292687600,4.128582146626810000,1490.4866,3552.1342
2013-03-01,7.6,0.14,10624.1,204.000,0.26145085843749500,0.634864599206541000,1505.3907,3537.8900
2013-04-01,7.1,0.15,10653.1,203.500,-0.10396394770871600,-0.983793373366022000,1514.7578,3542.2956
2013-05-01,7.3,0.11,10576.0,204.100,0.17804077735872300,0.301177673646778000,1517.6776,3539.3066
2013-06-01,7.8,0.09,10640.6,204.300,0.23997080855995000,1.961365821948140000,1528.2903,3543.7307
2013-07-01,7.7,0.09,10679.7,204.400,0.03939975332330110,3.334570413127330000,1530.4847,3537.7325
2013-08-01,7.3,0.08,10735.1,204.200,0.12029315570472000,4.722279999782700000,1529.2399,3530.7397
2013-09-01,7.0,0.08,10802.9,203.900,0.11630044852634700,4.706234406418050000,1532.3849,3531.5091
2013-10-01,7.0,0.09,10930.0,202.500,-0.25752832598046400,3.712988503198280000,1545.6827,3527.7786
2013-11-01,6.6,0.08,10974.3,201.200,-0.20424241905233800,1.458982214064700000,1551.4007,3536.0324
2013-12-01,6.5,0.09,11101.6,202.000,-0.00858114978825904,-2.662186488005960000,1573.0992,3539.9644
2014-01-01,7.0,0.07,11098.8,203.800,0.37202476732360500,-3.913786738130800000,1581.5620,3538.3153
2014-02-01,7.0,0.07,11150.5,205.700,0.36979086509687300,-0.533766106840777000,1618.7676,3542.5779
2014-03-01,6.8,0.08,11275.9,207.000,0.64400441262282400,4.029441466730410000,1641.1514,3549.9173
2014-04-01,5.9,0.09,11329.1,208.300,0.32967544531577300,6.302519656397660000,1661.5829,3563.6152
2014-05-01,6.1,0.09,11272.4,208.000,0.34926098400487000,6.749721678840140000,1673.3204,3575.8279
2014-06-01,6.3,0.10,11334.4,208.300,0.18621269440941100,6.010459426722060000,1685.6701,3598.6921
2014-07-01,6.5,0.09,11389.4,208.000,-0.03901939641610930,5.013761143295530000,1694.0789,3608.2127
2014-08-01,6.3,0.09,11420.3,207.000,-0.16705141657921900,3.026694183976810000,1706.4529,3620.5178
2014-09-01,5.7,0.09,11468.3,206.400,0.07525688243110140,1.829448624904710000,1715.0219,3624.4375
2014-10-01,5.5,0.09,11536.2,203.400,-0.25122778125538900,0.825582054352479000,1725.4301,3624.8300
2014-11-01,5.5,0.09,11612.1,200.900,-0.53994179410611900,1.833602289567930000,1743.5572,3632.8714
2014-12-01,5.4,0.12,11757.1,197.000,-0.56701009100108900,3.294066157492590000,1770.5845,3645.1468
2015-01-01,6.1,0.11,11756.1,192.000,-0.47058923734732400,3.511738200922580000,1784.4004,3656.0455
2015-02-01,5.8,0.11,11844.3,191.100,0.43430449237720600,3.405929331016310000,1807.0049,3670.8606
2015-03-01,5.6,0.11,11954.0,191.500,0.59517216110973200,3.389617518675300000,1842.5618,3698.3055
2015-04-01,5.1,0.12,12001.9,190.900,0.20328732545876900,2.067103512330370000,1861.5826,3709.4334
2015-05-01,5.3,0.12,11905.4,193.400,0.50972320254946900,1.410700890697980000,1875.8360,3723.2770
2015-06-01,5.5,0.13,11959.9,194.800,0.35028699985281200,1.626825091294290000,1891.2327,3749.6998
2015-07-01,5.6,0.13,12010.3,193.900,0.00670471592956610,1.839695219211840000,1889.0999,3766.9844
2015-08-01,5.2,0.14,12067.6,191.900,-0.14162762828193500,0.647598607905398000,1896.1781,3784.0780
2015-09-01,4.9,0.14,12135.1,189.100,-0.15567565753035900,0.142951193399254000,1901.6498,3800.9645
2015-10-01,4.8,0.12,12168.5,187.500,-0.04496837504464470,0.217402398734703000,1922.7801,3818.1779
2015-11-01,4.8,0.12,12294.9,185.700,-0.21106803790814600,0.698024303284288000,1938.2850,3853.3941
2015-12-01,4.8,0.24,12424.3,183.500,-0.34170964371186600,2.279034346087760000,1949.7616,3876.8120
2016-01-01,5.3,0.34,12475.5,182.600,0.16531022090686800,3.424317693749330000,1955.5810,3892.3657
2016-02-01,5.2,0.38,12514.3,181.300,0.08230765334549850,2.335529875864520000,1986.1299,3909.9542
2016-03-01,5.1,0.36,12682.1,182.100,0.43060001433926800,0.950973767974126000,2027.4429,3930.2588
2016-04-01,4.7,0.37,12775.9,183.200,0.47410679791040000,0.662139530107537000,2049.6719,3948.1614
2016-05-01,4.5,0.37,12705.9,185.300,0.40457909981151700,1.025906126037880000,2063.0772,3979.4335
2016-06-01,5.1,0.38,12786.5,187.600,0.32843661672818800,2.590571976635430000,2063.8698,4008.9594
2016-07-01,5.1,0.39,12847.9,187.700,-0.16181364047498100,3.010081348619910000,2057.6832,4038.2506
2016-08-01,5.0,0.40,12945.2,186.600,0.09184301078844980,2.265972829670130000,2042.6161,4062.1018
2016-09-01,4.8,0.40,13015.7,186.900,0.24039958646289800,1.804484135485870000,2054.5744,4080.4216
2016-10-01,4.7,0.40,13080.0,186.700,0.12467485130143200,1.922465226853360000,2075.7589,4104.6457
2016-11-01,4.4,0.41,13192.8,186.300,-0.15554608673351400,2.045280950335670000,2081.7922,4116.2743
2016-12-01,4.5,0.54,13300.9,188.200,0.03273213923175170,2.116652899459160000,2080.0651,4121.4326
2017-01-01,5.1,0.65,13282.5,190.700,0.58277278902545900,1.901552594689570000,2073.0826,4133.8572
2017-02-01,4.9,0.66,13306.5,191.600,0.31461173864166600,1.541819442460450000,2081.2202,4133.7247
2017-03-01,4.6,0.79,13492.6,191.500,0.08127978719472320,1.869959623698930000,2074.2020,4138.1107
2017-04-01,4.1,0.90,13565.8,193.000,0.29655333653268800,2.454179505457870000,2085.5975,4154.5654
2017-05-01,4.1,0.91,13474.9,192.800,0.08547218268963630,2.246574322278320000,2088.3985,4176.4174
2017-06-01,4.5,1.04,13523.0,193.600,0.09071110148611390,2.962143264317860000,2087.5242,4196.1393
2017-07-01,4.6,1.15,13585.3,193.500,-0.06899226388522950,2.635051930685180000,2077.5905,4221.3970
2017-08-01,4.5,1.16,13654.6,193.800,0.29944522971085700,2.999563661466890000,2075.2395,4232.3984
2017-09-01,4.1,1.15,13706.4,194.800,0.52949058932303400,3.716844108093580000,2085.6522,4236.1748
2017-10-01,3.9,1.15,13751.5,194.900,-0.06320421037276460,4.346552019363870000,2097.9324,4263.0231
2017-11-01,3.9,1.16,13820.7,195.900,0.00243246859074368,3.674969140713340000,2096.3912,4279.2748
2017-12-01,3.9,1.30,13945.8,196.300,-0.05878322772623000,2.881470761258550000,2099.3058,4292.1513
2018-01-01,4.5,1.41,13864.1,197.900,0.54477454527754100,2.486603261343210000,2097.7044,4300.9480
2018-02-01,4.4,1.42,13850.2,199.300,0.45346899748655000,3.461081162564160000,2108.0595,4304.6622
2018-03-01,4.1,1.51,14032.1,199.300,0.22611259041490400,3.543110694839490000,2130.1937,4311.5018
2018-04-01,3.7,1.69,14076.1,200.300,0.39750915633489300,3.814528010040240000,2185.6853,4324.8843
2018-05-01,3.6,1.70,13997.1,203.200,0.41589169254350000,2.655832308604190000,2189.8367,4329.4729
2018-06-01,4.2,1.82,14091.4,204.200,0.15938757015437200,2.585564990279850000,2205.2988,4351.2753
2018-07-01,4.1,1.91,14126.2,204.300,0.00674632622851716,1.559722152732530000,2205.0306,4369.1997
2018-08-01,3.9,1.91,14182.6,203.400,0.05555423283572950,1.876524737184460000,2197.7671,4372.3698
2018-09-01,3.6,1.95,14217.6,203.600,0.11620251758902500,1.050405000910470000,2203.4664,4390.0868
2018-10-01,3.5,2.19,14219.8,204.600,0.17667634557258700,0.270951093129855000,2227.4949,4405.8996
2018-11-01,3.5,2.20,14273.4,202.300,-0.33493485181009700,0.661026621451262000,2260.1065,4409.2753
2018-12-01,3.7,2.27,14466.8,201.000,-0.31939628151310900,1.915376373839370000,2296.5839,4417.3051
,,,,,,,,
,,,,,,,,
,,,,,,,,
,,,,,,,,
,,,,,,,,
,,,,,,,,
,,,,,,,,
,,,,,,,,
,,,,,,,,
,,,,,,,,
,,,,,,,,
,,,,,,,,
,,,,,,,,
,,,,,,,,
,,,,,,,,
,,,,,,,,
,,,,,,,,
,,,,,,,,
,,,,,,,,
,,,,,,,,
,,,,,,,,
,,,,,,,,
,,,,,,,,
,,,,,,,,
,,,,,,,,
,,,,,,,,
,,,,,,,,
,,,,,,,,
,,,,,,,,
,,,,,,,,
,,,,,,,,
,,,,,,,,
,,,,,,,,
,,,,,,,,
,,,,,,,,
